<?xml version="1.0" encoding="UTF-8"?>
<project-private xmlns="http://www.netbeans.org/ns/project-private/1">
    <editor-bookmarks xmlns="http://www.netbeans.org/ns/editor-bookmarks/2" lastBookmarkId="0"/>
    <open-files xmlns="http://www.netbeans.org/ns/projectui-open-files/2">
        <group>
            <file>file:/Users/admin/NetBeansProjects/DSA_Assignment1_sonnhgc00549/src/dsa/assignment1/menu/Manager.java</file>
            <file>file:/Users/admin/NetBeansProjects/DSA_Assignment1_sonnhgc00549/src/dsa/assignment1/panels/OrderingPanel.java</file>
        </group>
    </open-files>
</project-private>
